employee_id,text,Generated on
1,Your behavior earlier this year was found unsatisfactory.,29-08-2024 04:42
2,We appreciate your contribution to last year's project.,29-08-2024 02:02
3,This letter confirms your shift change request.,29-08-2024 08:35
4,Your behavior earlier this year was found unsatisfactory.,29-08-2024 07:46
5,Your behavior earlier this year was found unsatisfactory.,29-08-2024 06:53
6,This letter confirms your salary increment effective this month.,18-06-2025 07:10
7,This is to inform you of policy updates relevant to your role.,29-08-2024 00:54
8,This letter confirms your salary increment effective this month.,18-06-2025 00:35
9,Your behavior earlier this year was found unsatisfactory.,29-08-2024 09:19
10,We appreciate your contribution to last year's project.,29-08-2024 05:28
11,This letter confirms your shift change request.,29-08-2024 07:49
12,Your behavior earlier this year was found unsatisfactory.,29-08-2024 06:13
13,This letter confirms your shift change request.,29-08-2024 01:02
14,This is to inform you of policy updates relevant to your role.,29-08-2024 03:55
15,We appreciate your contribution to last year's project.,29-08-2024 04:47
16,This letter confirms your shift change request.,29-08-2024 07:31
17,We appreciate your contribution to last year's project.,29-08-2024 01:01
18,This letter confirms your salary increment effective this month.,18-06-2025 05:18
19,This letter confirms your shift change request.,29-08-2024 04:39
20,This is to inform you of policy updates relevant to your role.,29-08-2024 02:56
21,This letter confirms your salary increment effective this month.,18-06-2025 01:49
22,This letter confirms your salary increment effective this month.,18-06-2025 05:50
23,This letter confirms your salary increment effective this month.,18-06-2025 08:18
24,This letter serves as a disciplinary warning effective immediately.,18-06-2025 03:57
25,Your behavior earlier this year was found unsatisfactory.,29-08-2024 07:28
26,Your behavior earlier this year was found unsatisfactory.,29-08-2024 03:54
27,Your behavior earlier this year was found unsatisfactory.,29-08-2024 06:03
28,Your behavior earlier this year was found unsatisfactory.,29-08-2024 03:54
29,This letter serves as a disciplinary warning effective immediately.,18-06-2025 06:27
30,We appreciate your contribution to last year's project.,29-08-2024 03:34
31,This letter confirms your shift change request.,29-08-2024 07:07
32,This letter confirms your shift change request.,29-08-2024 02:36
33,This is to inform you of policy updates relevant to your role.,29-08-2024 07:36
34,This letter serves as a disciplinary warning effective immediately.,18-06-2025 01:30
35,This letter confirms your shift change request.,29-08-2024 06:08
36,We appreciate your contribution to last year's project.,29-08-2024 05:33
37,Your behavior earlier this year was found unsatisfactory.,29-08-2024 04:48
38,This is to inform you of policy updates relevant to your role.,29-08-2024 03:10
39,This letter confirms your salary increment effective this month.,18-06-2025 08:16
40,This is to inform you of policy updates relevant to your role.,29-08-2024 08:21
41,This is to inform you of policy updates relevant to your role.,29-08-2024 00:33
42,Your behavior earlier this year was found unsatisfactory.,29-08-2024 09:16
43,This letter confirms your shift change request.,29-08-2024 08:41
44,This letter serves as a disciplinary warning effective immediately.,18-06-2025 08:31
45,We appreciate your contribution to last year's project.,29-08-2024 04:24
46,This letter serves as a disciplinary warning effective immediately.,18-06-2025 02:34
47,This letter confirms your shift change request.,29-08-2024 06:16
48,This letter serves as a disciplinary warning effective immediately.,18-06-2025 00:38
49,Your behavior earlier this year was found unsatisfactory.,29-08-2024 03:01
50,This is to inform you of policy updates relevant to your role.,29-08-2024 07:02
