employee_id,strengths,areas_of_improvement,Generated on
1,Missed deadlines and lacked initiative previously.,Must address accountability issues.,18-09-2024 01:21
2,Completed major goals on time last year.,Documentation could be improved.,18-09-2024 02:32
3,Satisfactory technical ability.,Consider taking more initiative.,18-09-2024 08:03
4,Missed deadlines and lacked initiative previously.,Must address accountability issues.,18-09-2024 04:42
5,Missed deadlines and lacked initiative previously.,Must address accountability issues.,18-09-2024 08:08
6,Shows excellent leadership and collaboration.,Could mentor junior team members.,10-06-2025 05:25
7,"Displays effort, but results are inconsistent.",Communication needs slight improvement.,18-09-2024 01:45
8,Shows excellent leadership and collaboration.,Could mentor junior team members.,10-06-2025 01:43
9,Missed deadlines and lacked initiative previously.,Must address accountability issues.,18-09-2024 03:38
10,Completed major goals on time last year.,Documentation could be improved.,18-09-2024 08:19
11,Satisfactory technical ability.,Consider taking more initiative.,18-09-2024 06:38
12,Missed deadlines and lacked initiative previously.,Must address accountability issues.,18-09-2024 06:08
13,Satisfactory technical ability.,Consider taking more initiative.,18-09-2024 01:24
14,"Displays effort, but results are inconsistent.",Communication needs slight improvement.,18-09-2024 02:01
15,Completed major goals on time last year.,Documentation could be improved.,18-09-2024 04:42
16,Satisfactory technical ability.,Consider taking more initiative.,18-09-2024 06:08
17,Completed major goals on time last year.,Documentation could be improved.,18-09-2024 05:38
18,Shows excellent leadership and collaboration.,Could mentor junior team members.,10-06-2025 08:28
19,Satisfactory technical ability.,Consider taking more initiative.,18-09-2024 06:07
20,"Displays effort, but results are inconsistent.",Communication needs slight improvement.,18-09-2024 01:53
21,Shows excellent leadership and collaboration.,Could mentor junior team members.,10-06-2025 08:42
22,Shows excellent leadership and collaboration.,Could mentor junior team members.,10-06-2025 05:30
23,Shows excellent leadership and collaboration.,Could mentor junior team members.,10-06-2025 04:19
24,Needs immediate improvement in punctuality.,Improve attendance and team communication.,10-06-2025 08:38
25,Missed deadlines and lacked initiative previously.,Must address accountability issues.,18-09-2024 03:43
26,Missed deadlines and lacked initiative previously.,Must address accountability issues.,18-09-2024 04:15
27,Missed deadlines and lacked initiative previously.,Must address accountability issues.,18-09-2024 06:06
28,Missed deadlines and lacked initiative previously.,Must address accountability issues.,18-09-2024 05:58
29,Needs immediate improvement in punctuality.,Improve attendance and team communication.,10-06-2025 01:04
30,Completed major goals on time last year.,Documentation could be improved.,18-09-2024 06:39
31,Satisfactory technical ability.,Consider taking more initiative.,18-09-2024 04:45
32,Satisfactory technical ability.,Consider taking more initiative.,18-09-2024 04:40
33,"Displays effort, but results are inconsistent.",Communication needs slight improvement.,18-09-2024 01:13
34,Needs immediate improvement in punctuality.,Improve attendance and team communication.,10-06-2025 04:18
35,Satisfactory technical ability.,Consider taking more initiative.,18-09-2024 07:46
36,Completed major goals on time last year.,Documentation could be improved.,18-09-2024 02:46
37,Missed deadlines and lacked initiative previously.,Must address accountability issues.,18-09-2024 05:41
38,"Displays effort, but results are inconsistent.",Communication needs slight improvement.,18-09-2024 01:31
39,Shows excellent leadership and collaboration.,Could mentor junior team members.,10-06-2025 02:30
40,"Displays effort, but results are inconsistent.",Communication needs slight improvement.,18-09-2024 00:38
41,"Displays effort, but results are inconsistent.",Communication needs slight improvement.,18-09-2024 03:46
42,Missed deadlines and lacked initiative previously.,Must address accountability issues.,18-09-2024 06:34
43,Satisfactory technical ability.,Consider taking more initiative.,18-09-2024 03:44
44,Needs immediate improvement in punctuality.,Improve attendance and team communication.,10-06-2025 04:33
45,Completed major goals on time last year.,Documentation could be improved.,18-09-2024 00:48
46,Needs immediate improvement in punctuality.,Improve attendance and team communication.,10-06-2025 08:19
47,Satisfactory technical ability.,Consider taking more initiative.,18-09-2024 08:23
48,Needs immediate improvement in punctuality.,Improve attendance and team communication.,10-06-2025 00:50
49,Missed deadlines and lacked initiative previously.,Must address accountability issues.,18-09-2024 06:52
50,"Displays effort, but results are inconsistent.",Communication needs slight improvement.,18-09-2024 06:08
