employee_id,message,Generated on
1,Your behavior in Q1 was below expectations.,16-09-2024 00:56
2,Well done on your achievements last year.,31-10-2024 01:22
3,Please note the updated policy guidelines.,19-11-2024 02:14
4,Your behavior in Q1 was below expectations.,01-12-2024 06:00
5,Your behavior in Q1 was below expectations.,16-09-2024 06:33
6,Congratulations! Excellent performance in Q2 delivery.,28-05-2025 04:56
7,"Not bad, but improvements are needed.",19-09-2024 03:00
8,Congratulations! Excellent performance in Q2 delivery.,04-06-2025 05:00
9,Your behavior in Q1 was below expectations.,25-06-2024 00:32
10,Well done on your achievements last year.,08-07-2024 02:56
11,Please note the updated policy guidelines.,16-09-2024 01:58
12,Your behavior in Q1 was below expectations.,06-10-2024 08:33
13,Please note the updated policy guidelines.,25-06-2024 06:45
14,"Not bad, but improvements are needed.",09-08-2024 02:54
15,Well done on your achievements last year.,03-08-2024 04:59
16,Please note the updated policy guidelines.,29-11-2024 03:06
17,Well done on your achievements last year.,07-10-2024 07:05
18,Congratulations! Excellent performance in Q2 delivery.,20-06-2025 05:04
19,Please note the updated policy guidelines.,28-11-2024 02:14
20,"Not bad, but improvements are needed.",16-07-2024 02:32
21,Congratulations! Excellent performance in Q2 delivery.,20-06-2025 09:19
22,Congratulations! Excellent performance in Q2 delivery.,18-06-2025 00:54
23,Congratulations! Excellent performance in Q2 delivery.,17-06-2025 05:14
24,This is a final warning regarding policy violations.,16-06-2025 00:52
25,Your behavior in Q1 was below expectations.,29-07-2024 01:20
26,Your behavior in Q1 was below expectations.,07-10-2024 06:23
27,Your behavior in Q1 was below expectations.,06-08-2024 01:59
28,Your behavior in Q1 was below expectations.,21-09-2024 08:39
29,This is a final warning regarding policy violations.,07-06-2025 07:54
30,Well done on your achievements last year.,26-09-2024 01:57
31,Please note the updated policy guidelines.,12-10-2024 09:21
32,Please note the updated policy guidelines.,10-10-2024 06:11
33,"Not bad, but improvements are needed.",20-08-2024 04:07
34,This is a final warning regarding policy violations.,24-06-2025 04:04
35,Please note the updated policy guidelines.,26-06-2024 06:52
36,Well done on your achievements last year.,31-08-2024 01:49
37,Your behavior in Q1 was below expectations.,22-10-2024 04:12
38,"Not bad, but improvements are needed.",04-07-2024 08:50
39,Congratulations! Excellent performance in Q2 delivery.,17-06-2025 08:15
40,"Not bad, but improvements are needed.",04-10-2024 01:16
41,"Not bad, but improvements are needed.",10-09-2024 05:11
42,Your behavior in Q1 was below expectations.,16-09-2024 02:37
43,Please note the updated policy guidelines.,08-11-2024 03:25
44,This is a final warning regarding policy violations.,16-06-2025 07:11
45,Well done on your achievements last year.,24-09-2024 04:19
46,This is a final warning regarding policy violations.,01-06-2025 06:00
47,Please note the updated policy guidelines.,28-06-2024 04:41
48,This is a final warning regarding policy violations.,16-06-2025 01:52
49,Your behavior in Q1 was below expectations.,21-07-2024 08:10
50,"Not bad, but improvements are needed.",14-10-2024 08:44
